:START_ID,:END_ID,:TYPE
39ULPT5Tz6zBiCmY5k6fta,1En88zhLD1kfUFjMVyrKB_,CONTAINS
39ULPT5Tz6zBiCmY5k6fta,1En88zhLD1kfUFjMVyrK9e,CONTAINS
39ULPT5Tz6zBiCmY5k6fta,0FGjhNKyP2GutkS0az2Whw,CONTAINS
39ULPT5Tz6zBiCmY5k6fta,0FGjhNKyP2GutkS0az2Whz,CONTAINS
39ULPT5Tz6zBiCmY5k6fta,0FGjhNKyP2GutkS0az2Why,CONTAINS
39ULPT5Tz6zBiCmY5k6fta,3ht0E5761F1AEF6EGu7XP1,CONTAINS
39ULPT5Tz6zBiCmY5k6fta,3lB7ux_6X6lA8nOgr2eC7X,CONTAINS
39ULPT5Tz6zBiCmY5k6fta,3lB7ux_6X6lA8nOgr2eCc5,CONTAINS
39ULPT5Tz6zBiCmY5k6fta,3lB7ux_6X6lA8nOgr2eCb4,CONTAINS
39ULPT5Tz6zBiCmY5k6fta,1G9t$fuZP8tfqabxFuLlO$,CONTAINS
39ULPT5Tz6zBiCmY5k6fta,2p9dBjXmzADPhsApGjZk3F,CONTAINS
39ULPT5Tz6zBiCmY5k6fta,2p9dBjXmzADPhsApGjZkTk,CONTAINS
39ULPT5Tz6zBiCmY5k6fta,2p9dBjXmzADPhsApGjZkT6,CONTAINS
39ULPT5Tz6zBiCmY5k6fta,2p9dBjXmzADPhsApGjZkSS,CONTAINS
39ULPT5Tz6zBiCmY5k6fta,2p9dBjXmzADPhsApGjZkSE,CONTAINS
39ULPT5Tz6zBiCmY5k6fta,2p9dBjXmzADPhsApGjZkQH,CONTAINS
39ULPT5Tz6zBiCmY5k6fta,2p9dBjXmzADPhsApGjZkKv,CONTAINS
39ULPT5Tz6zBiCmY5k6fta,0gfm$gRNv7SfRTBOuuLnLd,CONTAINS
39ULPT5Tz6zBiCmY5k6fta,0gfm$gRNv7SfRTBOuuLnLB,CONTAINS
39ULPT5Tz6zBiCmY5k6fta,0gfm$gRNv7SfRTBOuuLnKX,CONTAINS
39ULPT5Tz6zBiCmY5k6fta,0jQ0b5jbn7mOgnFhugSwEU,CONTAINS
39ULPT5Tz6zBiCmY5k6fta,0jQ0b5jbn7mOgnFhugSwFs,CONTAINS
39ULPT5Tz6zBiCmY5k6fta,0jQ0b5jbn7mOgnFhugSwFa,CONTAINS
39ULPT5Tz6zBiCmY5k6fta,0jQ0b5jbn7mOgnFhugSwDH,CONTAINS
39ULPT5Tz6zBiCmY5k6fta,0jQ0b5jbn7mOgnFhugSwAL,CONTAINS
39ULPT5Tz6zBiCmY5k6fta,0jQ0b5jbn7mOgnFhugSw9Z,CONTAINS
39ULPT5Tz6zBiCmY5k6fta,0jQ0b5jbn7mOgnFhugSwUv,CONTAINS
39ULPT5Tz6zBiCmY5k6fta,0jQ0b5jbn7mOgnFhugSwO0,CONTAINS
39ULPT5Tz6zBiCmY5k6fta,0jQ0b5jbn7mOgnFhugSwPb,CONTAINS
39ULPT5Tz6zBiCmY5k6fta,0jQ0b5jbn7mOgnFhugSwM2,CONTAINS
39ULPT5Tz6zBiCmY5k6fta,0jQ0b5jbn7mOgnFhugSwMv,CONTAINS
39ULPT5Tz6zBiCmY5k6fta,0jQ0b5jbn7mOgnFhugSwNF,CONTAINS
39ULPT5Tz6zBiCmY5k6fta,0jQ0b5jbn7mOgnFhugSwNf,CONTAINS
39ULPT5Tz6zBiCmY5k6fta,0jQ0b5jbn7mOgnFhugSwIG,CONTAINS
39ULPT5Tz6zBiCmY5k6fta,0jQ0b5jbn7mOgnFhugSwIS,CONTAINS
39ULPT5Tz6zBiCmY5k6fta,0jQ0b5jbn7mOgnFhugSwI8,CONTAINS
39ULPT5Tz6zBiCmY5k6fta,0jQ0b5jbn7mOgnFhugSwIw,CONTAINS
39ULPT5Tz6zBiCmY5k6fta,3if5novVfESe_Au42$2x5I,CONTAINS
39ULPT5Tz6zBiCmY5k6fta,3if5novVfESe_Au42$2x15,CONTAINS
39ULPT5Tz6zBiCmY5k6fta,1Wg7AH23jBLBf1DmtTnL5L,CONTAINS
39ULPT5Tz6zBiCmY5k6fta,1Wg7AH23jBLBf1DmtTnKd4,CONTAINS
39ULPT5Tz6zBiCmY5k6fta,1Wg7AH23jBLBf1DmtTnKgB,CONTAINS
39ULPT5Tz6zBiCmY5k6fta,1Wg7AH23jBLBf1DmtTnKk1,CONTAINS
39ULPT5Tz6zBiCmY5k6fta,2V9H2E8FD8fuBJFUErPq1X,CONTAINS
39ULPT5Tz6zBiCmY5k6fta,2V9H2E8FD8fuBJFUErPtzO,CONTAINS
39ULPT5Tz6zBiCmY5k6fta,2V9H2E8FD8fuBJFUErPtuS,CONTAINS
39ULPT5Tz6zBiCmY5k6fta,2V9H2E8FD8fuBJFUErPtsm,CONTAINS
39ULPT5Tz6zBiCmY5k6fta,0I6g0xYhjCSReVDrs7L0AH,CONTAINS
39ULPT5Tz6zBiCmY5k6fta,0I6g0xYhjCSReVDrs7L0vs,CONTAINS
39ULPT5Tz6zBiCmY5k6fta,302csbDJH2UgGgw2liP4QB,CONTAINS
39ULPT5Tz6zBiCmY5k6fta,302csbDJH2UgGgw2liP4Q5,CONTAINS
39ULPT5Tz6zBiCmY5k6fta,302csbDJH2UgGgw2liP41y,CONTAINS
39ULPT5Tz6zBiCmY5k6fta,302csbDJH2UgGgw2liP41$,CONTAINS
39ULPT5Tz6zBiCmY5k6fta,302csbDJH2UgGgw2liP41_,CONTAINS
39ULPT5Tz6zBiCmY5k6fta,1yuiwzGI5FCPxrfaANPMyB,CONTAINS
39ULPT5Tz6zBiCmY5k6fta,1yuiwzGI5FCPxrfaANPMHG,CONTAINS
39ULPT5Tz6zBiCmY5k6fta,1yuiwzGI5FCPxrfaANPMLR,CONTAINS
39ULPT5Tz6zBiCmY5k6fta,1yuiwzGI5FCPxrfaANPNgf,CONTAINS
39ULPT5Tz6zBiCmY5k6fta,2RSbNzzRPBoAVn2mVp1PwL,CONTAINS
39ULPT5Tz6zBiCmY5k6fta,2vu_tmwqX5LRNohmiBn0Z4,CONTAINS
39ULPT5Tz6zBiCmY5k7nIu,3ceyecY_10bBufh6fSI0Jq,CONTAINS
39ULPT5Tz6zBiCmY5k7nIu,1xfBQuPpLCNftws6qIFxD8,CONTAINS
39ULPT5Tz6zBiCmY5k6fvb,0FsV7REIr6AR3B8qCeeDFi,CONTAINS
1Wg7AH23jBLBf1DmtTnL5L,1Wg7AH23jBLBf1DmtTnL5M,CONTAINS
1Wg7AH23jBLBf1DmtTnL5L,1Wg7AH23jBLBf1DmtTnL5Q,CONTAINS
1Wg7AH23jBLBf1DmtTnL5L,1Wg7AH23jBLBf1DmtTnL5U,CONTAINS
1Wg7AH23jBLBf1DmtTnL5L,1Wg7AH23jBLBf1DmtTnL6W,CONTAINS
1Wg7AH23jBLBf1DmtTnL5L,1Wg7AH23jBLBf1DmtTnL6X,CONTAINS
1Wg7AH23jBLBf1DmtTnL5L,1Wg7AH23jBLBf1DmtTnL6Z,CONTAINS
1Wg7AH23jBLBf1DmtTnL5L,1Wg7AH23jBLBf1DmtTnL6b,CONTAINS
1Wg7AH23jBLBf1DmtTnL5L,1Wg7AH23jBLBf1DmtTnL6m,CONTAINS
1Wg7AH23jBLBf1DmtTnL5L,1Wg7AH23jBLBf1DmtTnL6n,CONTAINS
1Wg7AH23jBLBf1DmtTnL5L,1Wg7AH23jBLBf1DmtTnL6p,CONTAINS
1Wg7AH23jBLBf1DmtTnL5L,1Wg7AH23jBLBf1DmtTnL6q,CONTAINS
1Wg7AH23jBLBf1DmtTnL5L,1Wg7AH23jBLBf1DmtTnL6t,CONTAINS
1Wg7AH23jBLBf1DmtTnL5L,1Wg7AH23jBLBf1DmtTnL6u,CONTAINS
1Wg7AH23jBLBf1DmtTnL5L,1Wg7AH23jBLBf1DmtTnL6v,CONTAINS
1Wg7AH23jBLBf1DmtTnL5L,1Wg7AH23jBLBf1DmtTnL6w,CONTAINS
1Wg7AH23jBLBf1DmtTnL5L,1Wg7AH23jBLBf1DmtTnL6y,CONTAINS
1Wg7AH23jBLBf1DmtTnL5L,1Wg7AH23jBLBf1DmtTnL6z,CONTAINS
1Wg7AH23jBLBf1DmtTnL5L,1Wg7AH23jBLBf1DmtTnL6_,CONTAINS
1Wg7AH23jBLBf1DmtTnL5L,1Wg7AH23jBLBf1DmtTnL60,CONTAINS
1Wg7AH23jBLBf1DmtTnL5L,1Wg7AH23jBLBf1DmtTnL61,CONTAINS
1Wg7AH23jBLBf1DmtTnL5L,1Wg7AH23jBLBf1DmtTnL63,CONTAINS
1Wg7AH23jBLBf1DmtTnL5L,1Wg7AH23jBLBf1DmtTnL64,CONTAINS
1Wg7AH23jBLBf1DmtTnL5L,1Wg7AH23jBLBf1DmtTnL65,CONTAINS
1Wg7AH23jBLBf1DmtTnL5L,1Wg7AH23jBLBf1DmtTnL67,CONTAINS
1Wg7AH23jBLBf1DmtTnL5L,1Wg7AH23jBLBf1DmtTnL6C,CONTAINS
1Wg7AH23jBLBf1DmtTnL5L,1Wg7AH23jBLBf1DmtTnL6E,CONTAINS
1Wg7AH23jBLBf1DmtTnL5L,1Wg7AH23jBLBf1DmtTnL6F,CONTAINS
1Wg7AH23jBLBf1DmtTnL5L,1Wg7AH23jBLBf1DmtTnL6H,CONTAINS
1Wg7AH23jBLBf1DmtTnKd4,1Wg7AH23jBLBf1DmtTnKd5,CONTAINS
1Wg7AH23jBLBf1DmtTnKd4,1Wg7AH23jBLBf1DmtTnKd7,CONTAINS
1Wg7AH23jBLBf1DmtTnKd4,1Wg7AH23jBLBf1DmtTnKd9,CONTAINS
1Wg7AH23jBLBf1DmtTnKd4,1Wg7AH23jBLBf1DmtTnKdB,CONTAINS
1Wg7AH23jBLBf1DmtTnKd4,1Wg7AH23jBLBf1DmtTnKdC,CONTAINS
1Wg7AH23jBLBf1DmtTnKd4,1Wg7AH23jBLBf1DmtTnKdD,CONTAINS
1Wg7AH23jBLBf1DmtTnKd4,1Wg7AH23jBLBf1DmtTnKdF,CONTAINS
1Wg7AH23jBLBf1DmtTnKd4,1Wg7AH23jBLBf1DmtTnKdI,CONTAINS
1Wg7AH23jBLBf1DmtTnKd4,1Wg7AH23jBLBf1DmtTnKdJ,CONTAINS
1Wg7AH23jBLBf1DmtTnKd4,1Wg7AH23jBLBf1DmtTnKdK,CONTAINS
1Wg7AH23jBLBf1DmtTnKd4,1Wg7AH23jBLBf1DmtTnKdL,CONTAINS
1Wg7AH23jBLBf1DmtTnKd4,1Wg7AH23jBLBf1DmtTnKdM,CONTAINS
1Wg7AH23jBLBf1DmtTnKd4,1Wg7AH23jBLBf1DmtTnKdN,CONTAINS
1Wg7AH23jBLBf1DmtTnKd4,1Wg7AH23jBLBf1DmtTnKdO,CONTAINS
1Wg7AH23jBLBf1DmtTnKd4,1Wg7AH23jBLBf1DmtTnKdP,CONTAINS
1Wg7AH23jBLBf1DmtTnKd4,1Wg7AH23jBLBf1DmtTnKdQ,CONTAINS
1Wg7AH23jBLBf1DmtTnKd4,1Wg7AH23jBLBf1DmtTnKdR,CONTAINS
1Wg7AH23jBLBf1DmtTnKd4,1Wg7AH23jBLBf1DmtTnKdS,CONTAINS
1Wg7AH23jBLBf1DmtTnKd4,1Wg7AH23jBLBf1DmtTnKdT,CONTAINS
1Wg7AH23jBLBf1DmtTnKd4,1Wg7AH23jBLBf1DmtTnKdU,CONTAINS
1Wg7AH23jBLBf1DmtTnKd4,1Wg7AH23jBLBf1DmtTnKdV,CONTAINS
1Wg7AH23jBLBf1DmtTnKd4,1Wg7AH23jBLBf1DmtTnKeW,CONTAINS
1Wg7AH23jBLBf1DmtTnKd4,1Wg7AH23jBLBf1DmtTnKeX,CONTAINS
1Wg7AH23jBLBf1DmtTnKd4,1Wg7AH23jBLBf1DmtTnKeY,CONTAINS
1Wg7AH23jBLBf1DmtTnKd4,1Wg7AH23jBLBf1DmtTnKeZ,CONTAINS
1Wg7AH23jBLBf1DmtTnKd4,1Wg7AH23jBLBf1DmtTnKea,CONTAINS
1Wg7AH23jBLBf1DmtTnKd4,1Wg7AH23jBLBf1DmtTnKeb,CONTAINS
1Wg7AH23jBLBf1DmtTnKd4,1Wg7AH23jBLBf1DmtTnKec,CONTAINS
1Wg7AH23jBLBf1DmtTnKgB,1Wg7AH23jBLBf1DmtTnKgC,CONTAINS
1Wg7AH23jBLBf1DmtTnKgB,1Wg7AH23jBLBf1DmtTnKgE,CONTAINS
1Wg7AH23jBLBf1DmtTnKgB,1Wg7AH23jBLBf1DmtTnKgG,CONTAINS
1Wg7AH23jBLBf1DmtTnKgB,1Wg7AH23jBLBf1DmtTnKgI,CONTAINS
1Wg7AH23jBLBf1DmtTnKgB,1Wg7AH23jBLBf1DmtTnKgJ,CONTAINS
1Wg7AH23jBLBf1DmtTnKgB,1Wg7AH23jBLBf1DmtTnKgK,CONTAINS
1Wg7AH23jBLBf1DmtTnKgB,1Wg7AH23jBLBf1DmtTnKgM,CONTAINS
1Wg7AH23jBLBf1DmtTnKgB,1Wg7AH23jBLBf1DmtTnKgP,CONTAINS
1Wg7AH23jBLBf1DmtTnKgB,1Wg7AH23jBLBf1DmtTnKgQ,CONTAINS
1Wg7AH23jBLBf1DmtTnKgB,1Wg7AH23jBLBf1DmtTnKgR,CONTAINS
1Wg7AH23jBLBf1DmtTnKgB,1Wg7AH23jBLBf1DmtTnKgS,CONTAINS
1Wg7AH23jBLBf1DmtTnKgB,1Wg7AH23jBLBf1DmtTnKgT,CONTAINS
1Wg7AH23jBLBf1DmtTnKgB,1Wg7AH23jBLBf1DmtTnKgU,CONTAINS
1Wg7AH23jBLBf1DmtTnKgB,1Wg7AH23jBLBf1DmtTnKgV,CONTAINS
1Wg7AH23jBLBf1DmtTnKgB,1Wg7AH23jBLBf1DmtTnKhW,CONTAINS
1Wg7AH23jBLBf1DmtTnKgB,1Wg7AH23jBLBf1DmtTnKhX,CONTAINS
1Wg7AH23jBLBf1DmtTnKgB,1Wg7AH23jBLBf1DmtTnKhY,CONTAINS
1Wg7AH23jBLBf1DmtTnKgB,1Wg7AH23jBLBf1DmtTnKhZ,CONTAINS
1Wg7AH23jBLBf1DmtTnKgB,1Wg7AH23jBLBf1DmtTnKha,CONTAINS
1Wg7AH23jBLBf1DmtTnKgB,1Wg7AH23jBLBf1DmtTnKhb,CONTAINS
1Wg7AH23jBLBf1DmtTnKgB,1Wg7AH23jBLBf1DmtTnKhc,CONTAINS
1Wg7AH23jBLBf1DmtTnKgB,1Wg7AH23jBLBf1DmtTnKhd,CONTAINS
1Wg7AH23jBLBf1DmtTnKgB,1Wg7AH23jBLBf1DmtTnKhe,CONTAINS
1Wg7AH23jBLBf1DmtTnKgB,1Wg7AH23jBLBf1DmtTnKhf,CONTAINS
1Wg7AH23jBLBf1DmtTnKgB,1Wg7AH23jBLBf1DmtTnKhg,CONTAINS
1Wg7AH23jBLBf1DmtTnKgB,1Wg7AH23jBLBf1DmtTnKhh,CONTAINS
1Wg7AH23jBLBf1DmtTnKgB,1Wg7AH23jBLBf1DmtTnKhi,CONTAINS
1Wg7AH23jBLBf1DmtTnKgB,1Wg7AH23jBLBf1DmtTnKhj,CONTAINS
1Wg7AH23jBLBf1DmtTnKk1,1Wg7AH23jBLBf1DmtTnKk2,CONTAINS
1Wg7AH23jBLBf1DmtTnKk1,1Wg7AH23jBLBf1DmtTnKk4,CONTAINS
1Wg7AH23jBLBf1DmtTnKk1,1Wg7AH23jBLBf1DmtTnKk6,CONTAINS
1Wg7AH23jBLBf1DmtTnKk1,1Wg7AH23jBLBf1DmtTnKk8,CONTAINS
1Wg7AH23jBLBf1DmtTnKk1,1Wg7AH23jBLBf1DmtTnKk9,CONTAINS
1Wg7AH23jBLBf1DmtTnKk1,1Wg7AH23jBLBf1DmtTnKkA,CONTAINS
1Wg7AH23jBLBf1DmtTnKk1,1Wg7AH23jBLBf1DmtTnKkC,CONTAINS
1Wg7AH23jBLBf1DmtTnKk1,1Wg7AH23jBLBf1DmtTnKkF,CONTAINS
1Wg7AH23jBLBf1DmtTnKk1,1Wg7AH23jBLBf1DmtTnKkG,CONTAINS
1Wg7AH23jBLBf1DmtTnKk1,1Wg7AH23jBLBf1DmtTnKkH,CONTAINS
1Wg7AH23jBLBf1DmtTnKk1,1Wg7AH23jBLBf1DmtTnKkI,CONTAINS
1Wg7AH23jBLBf1DmtTnKk1,1Wg7AH23jBLBf1DmtTnKkJ,CONTAINS
1Wg7AH23jBLBf1DmtTnKk1,1Wg7AH23jBLBf1DmtTnKkK,CONTAINS
1Wg7AH23jBLBf1DmtTnKk1,1Wg7AH23jBLBf1DmtTnKkL,CONTAINS
1Wg7AH23jBLBf1DmtTnKk1,1Wg7AH23jBLBf1DmtTnKkM,CONTAINS
1Wg7AH23jBLBf1DmtTnKk1,1Wg7AH23jBLBf1DmtTnKkN,CONTAINS
1Wg7AH23jBLBf1DmtTnKk1,1Wg7AH23jBLBf1DmtTnKkO,CONTAINS
1Wg7AH23jBLBf1DmtTnKk1,1Wg7AH23jBLBf1DmtTnKkP,CONTAINS
1Wg7AH23jBLBf1DmtTnKk1,1Wg7AH23jBLBf1DmtTnKkQ,CONTAINS
1Wg7AH23jBLBf1DmtTnKk1,1Wg7AH23jBLBf1DmtTnKkR,CONTAINS
1Wg7AH23jBLBf1DmtTnKk1,1Wg7AH23jBLBf1DmtTnKkS,CONTAINS
1Wg7AH23jBLBf1DmtTnKk1,1Wg7AH23jBLBf1DmtTnKkT,CONTAINS
1Wg7AH23jBLBf1DmtTnKk1,1Wg7AH23jBLBf1DmtTnKkU,CONTAINS
1Wg7AH23jBLBf1DmtTnKk1,1Wg7AH23jBLBf1DmtTnKkV,CONTAINS
1Wg7AH23jBLBf1DmtTnKk1,1Wg7AH23jBLBf1DmtTnKlW,CONTAINS
1Wg7AH23jBLBf1DmtTnKk1,1Wg7AH23jBLBf1DmtTnKlX,CONTAINS
1Wg7AH23jBLBf1DmtTnKk1,1Wg7AH23jBLBf1DmtTnKlY,CONTAINS
1Wg7AH23jBLBf1DmtTnKk1,1Wg7AH23jBLBf1DmtTnKlZ,CONTAINS
2V9H2E8FD8fuBJFUErPq1X,2V9H2E8FD8fuBJFUErPq1W,CONTAINS
2V9H2E8FD8fuBJFUErPq1X,2V9H2E8FD8fuBJFUErPt_U,CONTAINS
2V9H2E8FD8fuBJFUErPq1X,2V9H2E8FD8fuBJFUErPt_S,CONTAINS
2V9H2E8FD8fuBJFUErPq1X,2V9H2E8FD8fuBJFUErPt_Q,CONTAINS
2V9H2E8FD8fuBJFUErPq1X,2V9H2E8FD8fuBJFUErPt_P,CONTAINS
2V9H2E8FD8fuBJFUErPq1X,2V9H2E8FD8fuBJFUErPt_O,CONTAINS
2V9H2E8FD8fuBJFUErPq1X,2V9H2E8FD8fuBJFUErPt_M,CONTAINS
2V9H2E8FD8fuBJFUErPq1X,2V9H2E8FD8fuBJFUErPt_J,CONTAINS
2V9H2E8FD8fuBJFUErPq1X,2V9H2E8FD8fuBJFUErPt_I,CONTAINS
2V9H2E8FD8fuBJFUErPq1X,2V9H2E8FD8fuBJFUErPt_H,CONTAINS
2V9H2E8FD8fuBJFUErPq1X,2V9H2E8FD8fuBJFUErPt_G,CONTAINS
2V9H2E8FD8fuBJFUErPq1X,2V9H2E8FD8fuBJFUErPt_F,CONTAINS
2V9H2E8FD8fuBJFUErPq1X,2V9H2E8FD8fuBJFUErPt_E,CONTAINS
2V9H2E8FD8fuBJFUErPq1X,2V9H2E8FD8fuBJFUErPt_D,CONTAINS
2V9H2E8FD8fuBJFUErPq1X,2V9H2E8FD8fuBJFUErPt_C,CONTAINS
2V9H2E8FD8fuBJFUErPq1X,2V9H2E8FD8fuBJFUErPt_B,CONTAINS
2V9H2E8FD8fuBJFUErPq1X,2V9H2E8FD8fuBJFUErPt_A,CONTAINS
2V9H2E8FD8fuBJFUErPq1X,2V9H2E8FD8fuBJFUErPt_9,CONTAINS
2V9H2E8FD8fuBJFUErPq1X,2V9H2E8FD8fuBJFUErPt_8,CONTAINS
2V9H2E8FD8fuBJFUErPq1X,2V9H2E8FD8fuBJFUErPt_7,CONTAINS
2V9H2E8FD8fuBJFUErPq1X,2V9H2E8FD8fuBJFUErPt_6,CONTAINS
2V9H2E8FD8fuBJFUErPq1X,2V9H2E8FD8fuBJFUErPt_5,CONTAINS
2V9H2E8FD8fuBJFUErPq1X,2V9H2E8FD8fuBJFUErPt_4,CONTAINS
2V9H2E8FD8fuBJFUErPq1X,2V9H2E8FD8fuBJFUErPt_3,CONTAINS
2V9H2E8FD8fuBJFUErPq1X,2V9H2E8FD8fuBJFUErPt_2,CONTAINS
2V9H2E8FD8fuBJFUErPq1X,2V9H2E8FD8fuBJFUErPt_1,CONTAINS
2V9H2E8FD8fuBJFUErPq1X,2V9H2E8FD8fuBJFUErPt_0,CONTAINS
2V9H2E8FD8fuBJFUErPq1X,2V9H2E8FD8fuBJFUErPt_$,CONTAINS
2V9H2E8FD8fuBJFUErPtzO,2V9H2E8FD8fuBJFUErPtzN,CONTAINS
2V9H2E8FD8fuBJFUErPtzO,2V9H2E8FD8fuBJFUErPtzL,CONTAINS
2V9H2E8FD8fuBJFUErPtzO,2V9H2E8FD8fuBJFUErPtzJ,CONTAINS
2V9H2E8FD8fuBJFUErPtzO,2V9H2E8FD8fuBJFUErPtzH,CONTAINS
2V9H2E8FD8fuBJFUErPtzO,2V9H2E8FD8fuBJFUErPtzG,CONTAINS
2V9H2E8FD8fuBJFUErPtzO,2V9H2E8FD8fuBJFUErPtzF,CONTAINS
2V9H2E8FD8fuBJFUErPtzO,2V9H2E8FD8fuBJFUErPtzD,CONTAINS
2V9H2E8FD8fuBJFUErPtzO,2V9H2E8FD8fuBJFUErPtzA,CONTAINS
2V9H2E8FD8fuBJFUErPtzO,2V9H2E8FD8fuBJFUErPtz9,CONTAINS
2V9H2E8FD8fuBJFUErPtzO,2V9H2E8FD8fuBJFUErPtz8,CONTAINS
2V9H2E8FD8fuBJFUErPtzO,2V9H2E8FD8fuBJFUErPtz7,CONTAINS
2V9H2E8FD8fuBJFUErPtzO,2V9H2E8FD8fuBJFUErPtz6,CONTAINS
2V9H2E8FD8fuBJFUErPtzO,2V9H2E8FD8fuBJFUErPtz5,CONTAINS
2V9H2E8FD8fuBJFUErPtzO,2V9H2E8FD8fuBJFUErPtz4,CONTAINS
2V9H2E8FD8fuBJFUErPtzO,2V9H2E8FD8fuBJFUErPtz3,CONTAINS
2V9H2E8FD8fuBJFUErPtzO,2V9H2E8FD8fuBJFUErPtz2,CONTAINS
2V9H2E8FD8fuBJFUErPtzO,2V9H2E8FD8fuBJFUErPtz1,CONTAINS
2V9H2E8FD8fuBJFUErPtzO,2V9H2E8FD8fuBJFUErPtz0,CONTAINS
2V9H2E8FD8fuBJFUErPtzO,2V9H2E8FD8fuBJFUErPtz$,CONTAINS
2V9H2E8FD8fuBJFUErPtzO,2V9H2E8FD8fuBJFUErPtz_,CONTAINS
2V9H2E8FD8fuBJFUErPtzO,2V9H2E8FD8fuBJFUErPtzz,CONTAINS
2V9H2E8FD8fuBJFUErPtzO,2V9H2E8FD8fuBJFUErPtzy,CONTAINS
2V9H2E8FD8fuBJFUErPtzO,2V9H2E8FD8fuBJFUErPtzx,CONTAINS
2V9H2E8FD8fuBJFUErPtzO,2V9H2E8FD8fuBJFUErPtzw,CONTAINS
2V9H2E8FD8fuBJFUErPtzO,2V9H2E8FD8fuBJFUErPtzv,CONTAINS
2V9H2E8FD8fuBJFUErPtzO,2V9H2E8FD8fuBJFUErPtzu,CONTAINS
2V9H2E8FD8fuBJFUErPtzO,2V9H2E8FD8fuBJFUErPtzt,CONTAINS
2V9H2E8FD8fuBJFUErPtzO,2V9H2E8FD8fuBJFUErPtzs,CONTAINS
2V9H2E8FD8fuBJFUErPtuS,2V9H2E8FD8fuBJFUErPtuR,CONTAINS
2V9H2E8FD8fuBJFUErPtuS,2V9H2E8FD8fuBJFUErPtuP,CONTAINS
2V9H2E8FD8fuBJFUErPtuS,2V9H2E8FD8fuBJFUErPtuN,CONTAINS
2V9H2E8FD8fuBJFUErPtuS,2V9H2E8FD8fuBJFUErPtuL,CONTAINS
2V9H2E8FD8fuBJFUErPtuS,2V9H2E8FD8fuBJFUErPtuK,CONTAINS
2V9H2E8FD8fuBJFUErPtuS,2V9H2E8FD8fuBJFUErPtuJ,CONTAINS
2V9H2E8FD8fuBJFUErPtuS,2V9H2E8FD8fuBJFUErPtuH,CONTAINS
2V9H2E8FD8fuBJFUErPtuS,2V9H2E8FD8fuBJFUErPtuE,CONTAINS
2V9H2E8FD8fuBJFUErPtuS,2V9H2E8FD8fuBJFUErPtuD,CONTAINS
2V9H2E8FD8fuBJFUErPtuS,2V9H2E8FD8fuBJFUErPtuC,CONTAINS
2V9H2E8FD8fuBJFUErPtuS,2V9H2E8FD8fuBJFUErPtuB,CONTAINS
2V9H2E8FD8fuBJFUErPtuS,2V9H2E8FD8fuBJFUErPtuA,CONTAINS
2V9H2E8FD8fuBJFUErPtuS,2V9H2E8FD8fuBJFUErPtu9,CONTAINS
2V9H2E8FD8fuBJFUErPtuS,2V9H2E8FD8fuBJFUErPtu8,CONTAINS
2V9H2E8FD8fuBJFUErPtuS,2V9H2E8FD8fuBJFUErPtu7,CONTAINS
2V9H2E8FD8fuBJFUErPtuS,2V9H2E8FD8fuBJFUErPtu6,CONTAINS
2V9H2E8FD8fuBJFUErPtuS,2V9H2E8FD8fuBJFUErPtu5,CONTAINS
2V9H2E8FD8fuBJFUErPtuS,2V9H2E8FD8fuBJFUErPtu4,CONTAINS
2V9H2E8FD8fuBJFUErPtuS,2V9H2E8FD8fuBJFUErPtu3,CONTAINS
2V9H2E8FD8fuBJFUErPtuS,2V9H2E8FD8fuBJFUErPtu2,CONTAINS
2V9H2E8FD8fuBJFUErPtuS,2V9H2E8FD8fuBJFUErPtu1,CONTAINS
2V9H2E8FD8fuBJFUErPtuS,2V9H2E8FD8fuBJFUErPtu0,CONTAINS
2V9H2E8FD8fuBJFUErPtuS,2V9H2E8FD8fuBJFUErPtu$,CONTAINS
2V9H2E8FD8fuBJFUErPtuS,2V9H2E8FD8fuBJFUErPtu_,CONTAINS
2V9H2E8FD8fuBJFUErPtuS,2V9H2E8FD8fuBJFUErPtuz,CONTAINS
2V9H2E8FD8fuBJFUErPtuS,2V9H2E8FD8fuBJFUErPtuy,CONTAINS
2V9H2E8FD8fuBJFUErPtuS,2V9H2E8FD8fuBJFUErPtux,CONTAINS
2V9H2E8FD8fuBJFUErPtuS,2V9H2E8FD8fuBJFUErPtuw,CONTAINS
2V9H2E8FD8fuBJFUErPtsm,2V9H2E8FD8fuBJFUErPtsl,CONTAINS
2V9H2E8FD8fuBJFUErPtsm,2V9H2E8FD8fuBJFUErPtsj,CONTAINS
2V9H2E8FD8fuBJFUErPtsm,2V9H2E8FD8fuBJFUErPtsh,CONTAINS
2V9H2E8FD8fuBJFUErPtsm,2V9H2E8FD8fuBJFUErPtsf,CONTAINS
2V9H2E8FD8fuBJFUErPtsm,2V9H2E8FD8fuBJFUErPtse,CONTAINS
2V9H2E8FD8fuBJFUErPtsm,2V9H2E8FD8fuBJFUErPtsd,CONTAINS
2V9H2E8FD8fuBJFUErPtsm,2V9H2E8FD8fuBJFUErPtsb,CONTAINS
2V9H2E8FD8fuBJFUErPtsm,2V9H2E8FD8fuBJFUErPtsY,CONTAINS
2V9H2E8FD8fuBJFUErPtsm,2V9H2E8FD8fuBJFUErPtsX,CONTAINS
2V9H2E8FD8fuBJFUErPtsm,2V9H2E8FD8fuBJFUErPtsW,CONTAINS
2V9H2E8FD8fuBJFUErPtsm,2V9H2E8FD8fuBJFUErPttV,CONTAINS
2V9H2E8FD8fuBJFUErPtsm,2V9H2E8FD8fuBJFUErPttU,CONTAINS
2V9H2E8FD8fuBJFUErPtsm,2V9H2E8FD8fuBJFUErPttT,CONTAINS
2V9H2E8FD8fuBJFUErPtsm,2V9H2E8FD8fuBJFUErPttS,CONTAINS
2V9H2E8FD8fuBJFUErPtsm,2V9H2E8FD8fuBJFUErPttR,CONTAINS
2V9H2E8FD8fuBJFUErPtsm,2V9H2E8FD8fuBJFUErPttQ,CONTAINS
2V9H2E8FD8fuBJFUErPtsm,2V9H2E8FD8fuBJFUErPttP,CONTAINS
2V9H2E8FD8fuBJFUErPtsm,2V9H2E8FD8fuBJFUErPttO,CONTAINS
2V9H2E8FD8fuBJFUErPtsm,2V9H2E8FD8fuBJFUErPttN,CONTAINS
2V9H2E8FD8fuBJFUErPtsm,2V9H2E8FD8fuBJFUErPttM,CONTAINS
2V9H2E8FD8fuBJFUErPtsm,2V9H2E8FD8fuBJFUErPttL,CONTAINS
2V9H2E8FD8fuBJFUErPtsm,2V9H2E8FD8fuBJFUErPttK,CONTAINS
2V9H2E8FD8fuBJFUErPtsm,2V9H2E8FD8fuBJFUErPttJ,CONTAINS
2V9H2E8FD8fuBJFUErPtsm,2V9H2E8FD8fuBJFUErPttI,CONTAINS
2V9H2E8FD8fuBJFUErPtsm,2V9H2E8FD8fuBJFUErPttH,CONTAINS
2V9H2E8FD8fuBJFUErPtsm,2V9H2E8FD8fuBJFUErPttG,CONTAINS
2V9H2E8FD8fuBJFUErPtsm,2V9H2E8FD8fuBJFUErPttF,CONTAINS
2V9H2E8FD8fuBJFUErPtsm,2V9H2E8FD8fuBJFUErPttE,CONTAINS
1yuiwzGI5FCPxrfaANPMyB,1yuiwzGI5FCPxrfaANPMyA,CONTAINS
1yuiwzGI5FCPxrfaANPMyB,1yuiwzGI5FCPxrfaANPMy6,CONTAINS
1yuiwzGI5FCPxrfaANPMyB,1yuiwzGI5FCPxrfaANPMy0,CONTAINS
1yuiwzGI5FCPxrfaANPMyB,1yuiwzGI5FCPxrfaANPMy2,CONTAINS
1yuiwzGI5FCPxrfaANPMyB,1yuiwzGI5FCPxrfaANPMyz,CONTAINS
1yuiwzGI5FCPxrfaANPMyB,1yuiwzGI5FCPxrfaANPMyy,CONTAINS
1yuiwzGI5FCPxrfaANPMyB,1yuiwzGI5FCPxrfaANPMyp,CONTAINS
1yuiwzGI5FCPxrfaANPMyB,1yuiwzGI5FCPxrfaANPMyo,CONTAINS
1yuiwzGI5FCPxrfaANPMyB,1yuiwzGI5FCPxrfaANPMyj,CONTAINS
1yuiwzGI5FCPxrfaANPMyB,1yuiwzGI5FCPxrfaANPMyi,CONTAINS
1yuiwzGI5FCPxrfaANPMyB,1yuiwzGI5FCPxrfaANPMyk,CONTAINS
1yuiwzGI5FCPxrfaANPMyB,1yuiwzGI5FCPxrfaANPMyf,CONTAINS
1yuiwzGI5FCPxrfaANPMyB,1yuiwzGI5FCPxrfaANPMye,CONTAINS
1yuiwzGI5FCPxrfaANPMyB,1yuiwzGI5FCPxrfaANPMyb,CONTAINS
1yuiwzGI5FCPxrfaANPMyB,1yuiwzGI5FCPxrfaANPMya,CONTAINS
1yuiwzGI5FCPxrfaANPMyB,1yuiwzGI5FCPxrfaANPMyX,CONTAINS
1yuiwzGI5FCPxrfaANPMyB,1yuiwzGI5FCPxrfaANPMyW,CONTAINS
1yuiwzGI5FCPxrfaANPMyB,1yuiwzGI5FCPxrfaANPMyZ,CONTAINS
1yuiwzGI5FCPxrfaANPMyB,1yuiwzGI5FCPxrfaANPMpO,CONTAINS
1yuiwzGI5FCPxrfaANPMyB,1yuiwzGI5FCPxrfaANPMpR,CONTAINS
1yuiwzGI5FCPxrfaANPMyB,1yuiwzGI5FCPxrfaANPMpQ,CONTAINS
1yuiwzGI5FCPxrfaANPMyB,1yuiwzGI5FCPxrfaANPMpL,CONTAINS
1yuiwzGI5FCPxrfaANPMHG,1yuiwzGI5FCPxrfaANPMHJ,CONTAINS
1yuiwzGI5FCPxrfaANPMHG,1yuiwzGI5FCPxrfaANPMHF,CONTAINS
1yuiwzGI5FCPxrfaANPMHG,1yuiwzGI5FCPxrfaANPMH9,CONTAINS
1yuiwzGI5FCPxrfaANPMHG,1yuiwzGI5FCPxrfaANPMHB,CONTAINS
1yuiwzGI5FCPxrfaANPMHG,1yuiwzGI5FCPxrfaANPMHA,CONTAINS
1yuiwzGI5FCPxrfaANPMHG,1yuiwzGI5FCPxrfaANPMH5,CONTAINS
1yuiwzGI5FCPxrfaANPMHG,1yuiwzGI5FCPxrfaANPMHu,CONTAINS
1yuiwzGI5FCPxrfaANPMHG,1yuiwzGI5FCPxrfaANPMHx,CONTAINS
1yuiwzGI5FCPxrfaANPMHG,1yuiwzGI5FCPxrfaANPMHw,CONTAINS
1yuiwzGI5FCPxrfaANPMHG,1yuiwzGI5FCPxrfaANPMHr,CONTAINS
1yuiwzGI5FCPxrfaANPMHG,1yuiwzGI5FCPxrfaANPMHt,CONTAINS
1yuiwzGI5FCPxrfaANPMHG,1yuiwzGI5FCPxrfaANPMHs,CONTAINS
1yuiwzGI5FCPxrfaANPMHG,1yuiwzGI5FCPxrfaANPMHn,CONTAINS
1yuiwzGI5FCPxrfaANPMHG,1yuiwzGI5FCPxrfaANPMHo,CONTAINS
1yuiwzGI5FCPxrfaANPMHG,1yuiwzGI5FCPxrfaANPMHj,CONTAINS
1yuiwzGI5FCPxrfaANPMHG,1yuiwzGI5FCPxrfaANPMHk,CONTAINS
1yuiwzGI5FCPxrfaANPMHG,1yuiwzGI5FCPxrfaANPMHf,CONTAINS
1yuiwzGI5FCPxrfaANPMHG,1yuiwzGI5FCPxrfaANPMHe,CONTAINS
1yuiwzGI5FCPxrfaANPMHG,1yuiwzGI5FCPxrfaANPMHX,CONTAINS
1yuiwzGI5FCPxrfaANPMHG,1yuiwzGI5FCPxrfaANPMHW,CONTAINS
1yuiwzGI5FCPxrfaANPMHG,1yuiwzGI5FCPxrfaANPMHZ,CONTAINS
1yuiwzGI5FCPxrfaANPMHG,1yuiwzGI5FCPxrfaANPMHY,CONTAINS
1yuiwzGI5FCPxrfaANPMLR,1yuiwzGI5FCPxrfaANPMLQ,CONTAINS
1yuiwzGI5FCPxrfaANPMLR,1yuiwzGI5FCPxrfaANPMLM,CONTAINS
1yuiwzGI5FCPxrfaANPMLR,1yuiwzGI5FCPxrfaANPMLG,CONTAINS
1yuiwzGI5FCPxrfaANPMLR,1yuiwzGI5FCPxrfaANPMLC,CONTAINS
1yuiwzGI5FCPxrfaANPMLR,1yuiwzGI5FCPxrfaANPMLF,CONTAINS
1yuiwzGI5FCPxrfaANPMLR,1yuiwzGI5FCPxrfaANPMLE,CONTAINS
1yuiwzGI5FCPxrfaANPMLR,1yuiwzGI5FCPxrfaANPML_,CONTAINS
1yuiwzGI5FCPxrfaANPMLR,1yuiwzGI5FCPxrfaANPMLv,CONTAINS
1yuiwzGI5FCPxrfaANPMLR,1yuiwzGI5FCPxrfaANPMLu,CONTAINS
1yuiwzGI5FCPxrfaANPMLR,1yuiwzGI5FCPxrfaANPMLw,CONTAINS
1yuiwzGI5FCPxrfaANPMLR,1yuiwzGI5FCPxrfaANPMLq,CONTAINS
1yuiwzGI5FCPxrfaANPMLR,1yuiwzGI5FCPxrfaANPMLs,CONTAINS
1yuiwzGI5FCPxrfaANPMLR,1yuiwzGI5FCPxrfaANPMLn,CONTAINS
1yuiwzGI5FCPxrfaANPMLR,1yuiwzGI5FCPxrfaANPMLo,CONTAINS
1yuiwzGI5FCPxrfaANPMLR,1yuiwzGI5FCPxrfaANPMLj,CONTAINS
1yuiwzGI5FCPxrfaANPMLR,1yuiwzGI5FCPxrfaANPMLk,CONTAINS
1yuiwzGI5FCPxrfaANPMLR,1yuiwzGI5FCPxrfaANPMLf,CONTAINS
1yuiwzGI5FCPxrfaANPMLR,1yuiwzGI5FCPxrfaANPMLe,CONTAINS
1yuiwzGI5FCPxrfaANPMLR,1yuiwzGI5FCPxrfaANPMLY,CONTAINS
1yuiwzGI5FCPxrfaANPMLR,1yuiwzGI5FCPxrfaANPMKT,CONTAINS
1yuiwzGI5FCPxrfaANPMLR,1yuiwzGI5FCPxrfaANPMKV,CONTAINS
1yuiwzGI5FCPxrfaANPMLR,1yuiwzGI5FCPxrfaANPMKU,CONTAINS
1yuiwzGI5FCPxrfaANPNgf,1yuiwzGI5FCPxrfaANPNge,CONTAINS
1yuiwzGI5FCPxrfaANPNgf,1yuiwzGI5FCPxrfaANPNga,CONTAINS
1yuiwzGI5FCPxrfaANPNgf,1yuiwzGI5FCPxrfaANPNgc,CONTAINS
1yuiwzGI5FCPxrfaANPNgf,1yuiwzGI5FCPxrfaANPNgY,CONTAINS
1yuiwzGI5FCPxrfaANPNgf,1yuiwzGI5FCPxrfaANPNfT,CONTAINS
1yuiwzGI5FCPxrfaANPNgf,1yuiwzGI5FCPxrfaANPNfS,CONTAINS
1yuiwzGI5FCPxrfaANPNgf,1yuiwzGI5FCPxrfaANPNfC,CONTAINS
1yuiwzGI5FCPxrfaANPNgf,1yuiwzGI5FCPxrfaANPNfF,CONTAINS
1yuiwzGI5FCPxrfaANPNgf,1yuiwzGI5FCPxrfaANPNfE,CONTAINS
1yuiwzGI5FCPxrfaANPNgf,1yuiwzGI5FCPxrfaANPNf8,CONTAINS
1yuiwzGI5FCPxrfaANPNgf,1yuiwzGI5FCPxrfaANPNfA,CONTAINS
1yuiwzGI5FCPxrfaANPNgf,1yuiwzGI5FCPxrfaANPNf4,CONTAINS
1yuiwzGI5FCPxrfaANPNgf,1yuiwzGI5FCPxrfaANPNf7,CONTAINS
1yuiwzGI5FCPxrfaANPNgf,1yuiwzGI5FCPxrfaANPNf0,CONTAINS
1yuiwzGI5FCPxrfaANPNgf,1yuiwzGI5FCPxrfaANPNf3,CONTAINS
1yuiwzGI5FCPxrfaANPNgf,1yuiwzGI5FCPxrfaANPNfy,CONTAINS
1yuiwzGI5FCPxrfaANPNgf,1yuiwzGI5FCPxrfaANPNf$,CONTAINS
1yuiwzGI5FCPxrfaANPNgf,1yuiwzGI5FCPxrfaANPNf_,CONTAINS
1yuiwzGI5FCPxrfaANPNgf,1yuiwzGI5FCPxrfaANPNfm,CONTAINS
1yuiwzGI5FCPxrfaANPNgf,1yuiwzGI5FCPxrfaANPNfp,CONTAINS
1yuiwzGI5FCPxrfaANPNgf,1yuiwzGI5FCPxrfaANPNfj,CONTAINS
1yuiwzGI5FCPxrfaANPNgf,1yuiwzGI5FCPxrfaANPNfi,CONTAINS
39ULPT5Tz6zBiCmY6HvMCZ,39ULPT5Tz6zBiCmY6HvMCX,CONTAINS
39ULPT5Tz6zBiCmY6HvMCX,39ULPT5Tz6zBiCmY6HvMCY,CONTAINS
39ULPT5Tz6zBiCmY6HvMCY,39ULPT5Tz6zBiCmY5k6fta,CONTAINS
39ULPT5Tz6zBiCmY6HvMCY,39ULPT5Tz6zBiCmY5k7nIu,CONTAINS
39ULPT5Tz6zBiCmY6HvMCY,39ULPT5Tz6zBiCmY5k6fvb,CONTAINS
1En88zhLD1kfUFjMVyrKB_,3lB7ux_6X6lA8nOgr2eC7X,HAS_OPENING
1En88zhLD1kfUFjMVyrK9e,3lB7ux_6X6lA8nOgr2eCc5,HAS_OPENING
1En88zhLD1kfUFjMVyrK9e,3lB7ux_6X6lA8nOgr2eCb4,HAS_OPENING
0gfm$gRNv7SfRTBOuuLnLB,2RSbNzzRPBoAVn2mVp1PwL,HAS_OPENING
0gfm$gRNv7SfRTBOuuLnLB,2vu_tmwqX5LRNohmiBn0Z4,HAS_OPENING
0jQ0b5jbn7mOgnFhugSwUv,0I6g0xYhjCSReVDrs7L0vs,HAS_OPENING
